time,strain,stress
0,0,0
1,-0.2124,-285923.07692308
2,-0.4790015625,-644809.79567308
3,-0.83393983410494,-1122611.3151413
4,-1.3495648341049,-1816721.8920643

